{"cameraMode":{"drawMode":0,"name":"Shaded","section":"Shading Mode"},"sceneLighting":true,"audioPlay":false,"sceneViewState":{"m_AlwaysRefresh":false,"showFog":true,"showSkybox":true,"showFlares":true,"showImageEffects":true,"showParticleSystems":true,"showVisualEffectGraphs":true,"m_FxEnabled":true},"in2DMode":false,"pivot":{"x":-4.045639991760254,"y":1.5120347738265992,"z":-1.9372049570083619},"rotation":{"x":-0.14465975761413575,"y":0.8207767009735107,"z":-0.23807042837142945,"w":-0.4987315237522125},"size":1.2093204259872437,"orthographic":false}