{"cameraMode":{"drawMode":0,"name":"Shaded","section":"Shading Mode"},"sceneLighting":true,"audioPlay":false,"sceneViewState":{"m_AlwaysRefresh":false,"showFog":true,"showSkybox":true,"showFlares":true,"showImageEffects":true,"showParticleSystems":true,"showVisualEffectGraphs":true,"m_FxEnabled":true},"in2DMode":false,"pivot":{"x":-2.8603601455688478,"y":2.4371471405029299,"z":0.7449953556060791},"rotation":{"x":0.1746184378862381,"y":0.05639466270804405,"z":-0.010018585249781609,"w":0.9829683303833008},"size":1.3104538917541505,"orthographic":false}