{"cameraMode":{"drawMode":0,"name":"Shaded","section":"Shading Mode"},"sceneLighting":true,"audioPlay":false,"sceneViewState":{"m_AlwaysRefresh":false,"showFog":true,"showSkybox":true,"showFlares":true,"showImageEffects":true,"showParticleSystems":true,"showVisualEffectGraphs":true,"m_FxEnabled":true},"in2DMode":false,"pivot":{"x":9.564163208007813,"y":1.9839926958084107,"z":-5.705885410308838},"rotation":{"x":0.08183223009109497,"y":0.41861850023269656,"z":-0.03790827840566635,"w":0.903675377368927},"size":0.8660253882408142,"orthographic":false}