{"cameraMode":{"drawMode":0,"name":"Shaded","section":"Shading Mode"},"sceneLighting":false,"audioPlay":false,"sceneViewState":{"m_AlwaysRefresh":false,"showFog":true,"showSkybox":false,"showFlares":true,"showImageEffects":true,"showParticleSystems":true,"showVisualEffectGraphs":true,"m_FxEnabled":true},"in2DMode":false,"pivot":{"x":-10.470000267028809,"y":0.8799999952316284,"z":-13.270000457763672},"rotation":{"x":0.24915076792240144,"y":-0.06066630408167839,"z":0.015632806345820428,"w":0.9664420485496521},"size":0.4330126941204071,"orthographic":false}